"Row","ReportNo","Error"
"1",,"To add an item to a document library, use SPFileCollection.Add()"
"2",,"To add an item to a document library, use SPFileCollection.Add()"
"3",,"To add an item to a document library, use SPFileCollection.Add()"
"4",,"To add an item to a document library, use SPFileCollection.Add()"
"5",,"To add an item to a document library, use SPFileCollection.Add()"
"6",,"To add an item to a document library, use SPFileCollection.Add()"
"7",,"To add an item to a document library, use SPFileCollection.Add()"
"8",,"To add an item to a document library, use SPFileCollection.Add()"
"9",,"To add an item to a document library, use SPFileCollection.Add()"
"10",,"To add an item to a document library, use SPFileCollection.Add()"
"11",,"To add an item to a document library, use SPFileCollection.Add()"
"12",,"To add an item to a document library, use SPFileCollection.Add()"
"13",,"To add an item to a document library, use SPFileCollection.Add()"
"14",,"To add an item to a document library, use SPFileCollection.Add()"
"15",,"To add an item to a document library, use SPFileCollection.Add()"
"16",,"To add an item to a document library, use SPFileCollection.Add()"
"17",,"To add an item to a document library, use SPFileCollection.Add()"
"18",,"To add an item to a document library, use SPFileCollection.Add()"
"19",,"To add an item to a document library, use SPFileCollection.Add()"
"20",,"To add an item to a document library, use SPFileCollection.Add()"
"21",,"To add an item to a document library, use SPFileCollection.Add()"
"22",,"To add an item to a document library, use SPFileCollection.Add()"
"23",,"To add an item to a document library, use SPFileCollection.Add()"
"24",,"To add an item to a document library, use SPFileCollection.Add()"
"25",,"To add an item to a document library, use SPFileCollection.Add()"
"26",,"To add an item to a document library, use SPFileCollection.Add()"
"27",,"To add an item to a document library, use SPFileCollection.Add()"
"28",,"To add an item to a document library, use SPFileCollection.Add()"
"29",,"To add an item to a document library, use SPFileCollection.Add()"
"30",,"To add an item to a document library, use SPFileCollection.Add()"
"31",,"To add an item to a document library, use SPFileCollection.Add()"
"32",,"To add an item to a document library, use SPFileCollection.Add()"
"33",,"To add an item to a document library, use SPFileCollection.Add()"
"34",,"To add an item to a document library, use SPFileCollection.Add()"
"35",,"To add an item to a document library, use SPFileCollection.Add()"
"36",,"To add an item to a document library, use SPFileCollection.Add()"
"37",,"To add an item to a document library, use SPFileCollection.Add()"
